1ST CHOICE;1st CHOICE
4 MY PETS;4 My Pets
7 СОБАК;7 собак
8IN1;8в1
AIRYVEST;AiryVest
ALL SYSTEMS;ALL SYSTEMS
ANDOVER;Andover
API;API
AQUA LOGO;Aqua Logo
AQUAEL;Aquael
AQUAEL/АКВАПЛЮС;AQUAEL/АкваПлюс
AQUAFANTASY;AquaFantasy
AQUATLANTIS;Aquatlantis
ARTERO;Artero
ARTUNIQ;ArtUniq
BARRI;BARRI
BAYER;Bayer
BD DISCARIT ИСПАНИ;BD Discarit Испания
BEAPHAR;Беафар
BIO-GROOM;Bio-Groom
BIOFAKTORY;Biofaktory
BIOVETA ЧЕХИЯ;Bioveta
BRIKO;Briko
BUTTERDOGWEAR;Butterdogwear
CAMON;Camon
CANDIOLI ИТАЛИЯ;Candioli Италия
CAREFRESH;CareFresh
CAT'S BEST;Cat's Best
CEVA;Ceva
CHEWELL;Chewell
CIDEX;Cidex
CLEAN CAT;Clean Cat
CLINY;Cliny
CLP;CLP
COLLAR;Collar
CONTIPRO C A.S.;CONTIPRO C A.S.
CRYSTAL LINE;Api-San
CUNIPIC;Cunipic
DEZZIE;Dezzie
DISNEY;Disney
DOG GONE SMART;DOG GONE SMART
DOGGER;Dogger
DOGMAN;Dogman
EHEIM;Eheim
ELANCO;Elanco
ELITE;Elite
ELITE PROFESSIONAL;Elite
EURACON PHARMA GMB;Euracon Pharma GmbH
EXO TERRA;Exo Terra
FABOTEX;Fabotex
FAT CAT;Fat Cat
FAUNA;Fauna
FERPLAST;Ferplast
FIORY;Fiory
FLEXI;Flexi
FOOLEE;Foolee
FOP;FOP
FURMINATOR;Furminator
GEORPLAST;Georplast
GIGI;GiGi
GIGWI;GiGwi
GIMBORN GIMPET;Джимпет
GLOBALVET;Globalvet
GO!;GO!
GRAMME-REVIT;GRAMME-REVIT
GRANDIN;Grandin
HAGEN;Hagen
HAILEA;Hailea
HAPPY PUPPY;HAPPY PUPPY
HARTZ;Hartz
HELLO KITTY;Hello Kitty
HIGENIQ;Higeniq
HUNTER;Hunter
HYDOR;Hydor
ICF ИТАЛИЯ;ICF Италия
IMAC;Imac
INFORM NUTRITION L;Inform Nutrition Ltd
INSPECTOR;Inspector
INTERCHEMIE НИДЕРЛ;Interchemie Нидерланды
INTERZOO;InterZoo
ISTA;ISTA
IV SAN BERNARD;Iv San Bernard
J.W.;J.W.
JANSSEN;Janssen
JBL;JBL
JEBO;Jebo
JELLY-FISH;JELLY-FISH
JR FARM;JR Farm
JUWEL;Juwel
KARLIE;Karlie
KITI;Kiti
KONG;Kong
KORALL;Korall
KREDO;Kredo
KRKA;Krka
KRUUSE;Kruuse
LDCA ФРАНЦИЯ;LDCA, Франция
LILLI PET;Lilli Pet
LITTLE ONE;Little One
LUXSAN;Luxsan
MAKI KUBER;Maki Kuber
MARCHIORO;Marchioro
MAVA;MAVA
ME TO YOU;Me to you
MEALFEEL;Mealfeel
MELCOS;Melcos
MERIAL;Фронтлайн
MIDWEST;Midwest
MODERNA;Moderna
MOSER;Moser
MP BERGAMO;MP Bergamo
MR. FRESH;Mr. Fresh
MR.GEE;Mr.Gee
MSD ANIMAL HEALTH;MSD Animal Health
MURMIX;Murmix
MY FAMILY;MY FAMILY
N1;N1
NANOCLEAR;NanoClear
NEO LOO LIFE;NEO LOO LIFE
NERFDOG;NerfDog
NICOVET;Nicovet
№ 1;№ 1
NOBBY;Nobby
NOVARTIS;Novartis
NOW;NOW
OOPS!;OOPS!
ORION PHARMA;Orion Pharma
ORLING (ЧЕХИЯ);Orling, Чехия
OSSO;Osso
OUT!;OUT!
PADOVAN;Padovan
PENN-PLAX;Penn-Plax
PET HOBBY;Pet Hobby
PET LINE;Pet Line
PET POTTY;Pet Potty
PETMAX;Petmax
PETSTAGES;Petstages
PETTRIC;Pettric
PFIZER;Pfizer
POLIDEX;Polidex
PRIDE;PRIDE
PRIMA;Prima
PRIME;Prime
PROBIOTICS INTERNA;Probiotics International Ltd.
PRODAC;Prodac
PRODEN;ProDen
PRODIBIO;Prodibio
PUPPY ANGEL;Puppy Angel
PURINA ONE;Purina One
R2P;R2P
REPTIZOO;Repti-Zoo
ROGZ;Rogz
RUNGO;Rungo
SANAL;Sanal
SANPET;SanPet
SAVIC;Savic
SCHEGO;SCHEGO
SERA;Sera
SHOW TECH;SHOW TECH
SITEKMED;Sitekmed
SKU IBIYAYA;SKU Ibiyaya
STEFANPLAST;Stefanplast
TEDDY PETS;Teddy Pets
TETRA;Tetra
THAI CHI PET;Thai Chi Pet
TRIOL;Triol
TRIXIE;Trixie
TRM (ИРЛАНДИЯ);TRM, Ирландия
TROPICLEAN;Tropiclean
TWINS;Twins
UNITABS;Unitabs
UNITED PETS;United Pets
UNOCAT;UnoCat
URINE OFF;Urine Off
V.I.PET;V.I.Pet
VERSELE LAGA;Versele-Laga
VETEXPERT;VetExpert
VETOQUINOL;Vetoquinol
VETPROM AD;Vetprom AD
VIRBAC;Virbac
VITAKRAFT;Vitakraft
VIYO;Viyo
WAHL;Wahl
WELLKISS;Wellkiss
WITTE MOLEN;Witte Molen
XILONG;Xilong
YUMMY;Yummy
ZOETIS;Zoetis
ZOGOFLEX;Zogoflex
ZOLUX;ZOLUX
ZOOLINK;Zoolink
АQUA MENU;Аqua Menu
АВАНГАРД;Авангард
АВВА;Авва
АВГУРЪ;Авгуръ
АВЗ;АВЗ
АВИТА;Авита
АГРОФАРМ;Агрофарм
АДРЕСНИК;Адресник
АЙМС;Аймс
АКАНА;Acana
АКВА ГЕССА;Аква Гесса
АКВА МЕНЮ;Аква Меню
АКВАГРУНТ;Аквагрунт
АКВАПЛЮС;Акваплюс
АКВАРИУМПРИНТ;АквариумПринт
АЛЬПИЙСКИЕ ЛУГА;Альпийские луга
АНИВИТАЛ;Anivital
АНИМОНДА;Animonda
АНТИЦАРАПКИ;Антицарапки
АПИ-САН;Api-San
АРДЭН ГРЭНДЖ;Ардэн Грэндж
АРКОН;Аркон
АРМАВИРСКАЯ БИОФАБ;Армавирская биофабрика
АССОРТИ;Ассорти
АСТА;Аста
БАРБОСКИ;Барбоски
БАРСИК;Барсик
БЕЛАРУСЬ;Беларусь
БЕЛЬКАНДО;Belcando
БЕРКЛИ;Berkley
БИОВАКС;Биовакс
БИОДИЗАЙН;Juwel
БИОИНВЕСТ;БиоИнвест
БИОМИЛЛ;Biomill
БИОСПЕКТР РОССИЯ;Биоспектр Россия
БИОЦЕНТР ЧИН;Биоцентр Чин
БИФФ;Biff
БОБРОВЫЙ ДВОРИК;Бобровый дворик
БОЗИТА;Bozita
БОШ;Bosch
БРИТ;Brit
ВАКА;Вака
ВЕДА;Веда
ВЕРНЫЙ ДРУГ;Верный друг
ВЕТЗВЕРОЦЕНТР;Ветзвероцентр
ВЕТТОРГ;ВЕТТОРГ
ВИК;ВИК
ВИСКАС;Whiskas
ВИТАЛАЙН;Vitaline
ГАММА;Гамма
ГЕЛЬМИНТАЛ;Гельминтал
ГЛИНА ГАЛИНА;Глина Галина
ГУДМЭН;ГудМэн
ГУРМАН;Гурман
ГУРМЭ;Gourmet
ДАРЛИНГ;Дарлинг
ДЕЛИПЕТ;DELIPET
ДЕЛЬТА;Дельта
ДЕНТАЛПЕТ;ДенталПет
ДЕРЕВЕНСКИЕ ЛАКОМС;Деревенские лакомства
ДОБРОЗВЕРИКИ;Доброзверики
ДОГ МОДА;
ДОГ ПРОФИ;Дог Профи
ДОГ ЧАУ;Dog Chow
ДОКТОР;Доктор
ДОКТОР АЛДЕРС;Доктор Алдерс
ДОКТОР КЛАУДЕРС;Dr.Clauder's
ДОМОСЕДЫ;Домоседы
ДРИМИС;Dreamies
ЕУКАНУБА;Eukanuba
ЗАБАВА;Забава
ЗАО НПП ФАРМАКС (Р;ЗАО НПП Фармакс
ЗАО ТОП-ВЕТ;Топ-Вет
ЗВЕРЬЕ МОЕ;Зверье мое
ЗВЕРЮШКИ;Зверюшки
ЗИВЕР;Зивер
ЗООVIP;ЗооVIP
ЗООБАЛУ;ЗооБалу
ЗООМАСТЕР;Зоомастер
ЗООМИР;Зоомир
ЗООНИК;Зооник
ЗООПРОМ;Зоопром
ЗООСТИЛЬ;Зоостиль
ЗООФОРТУНА;Зоофортуна
ИВАНКО;Иванко
ИНВЕСА;Инвеса
ИНСТИНКТ;Инстинкт
ИНТЕРВЕТ НИДЕРЛАНД;Intervet, Нидерланды
ЙОРИКИ;Йорики
КАЗАКОВА Н В;Казакова Н В
КАСКАД;Каскад
КАТРИН;Катрин
КАТСАН;CATSAN
КВАНТ МКБ;Квант МКБ
КИТЕКАТ;Kitekat
КОГТЕДРАЛКА;Когтедралка
КОМПОНЕНТ РОССИЯ;Компонент
КОТ КАРТОНОВИЧ;Кот Картонович
КОТМУАР;Котмуар
КУЗЯ;Кузя
КЭТ ЧАУ;Cat Chow
ЛАЙНА;Лайна
ЛАЙФ ДОГ;Лайф Дог
ЛЕКАДЕРМ;Лекадерм
ЛЕОНАРДО;Leonardo
ЛИГФАРМ;Лигфарм
ЛОНГФЕНГ;Long Feng
МИАМОР;Miamor
МИКРО-ПЛЮС;Микро-плюс
МИР ЧУДЕС;Мир Чудес
МНЯМС;Мнямс
МОЛЛСТРИТ;Моллстрит
МОНМОРАНСИ;ИП Тарасова Н.В.
МОСАГРОГЕН;Мосагроген
МУРЗИК, СНЕЖОК;Мурзик-Снежок
НIMALAYA;Нimalaya
НАГРАДА;Награда
НАРВАК;Нарвак
НАША МАРКА;Наша Марка
НИИ ПРОБИОТИКОВ;НИИ Пробиотиков
НИКОФАРМ;Никофарм
НИО МЕДИТЭР;НИО Медитэр
НИТА-ФАРМ;Нита-Фарм
НОЧНОЙ ОХОТНИК;Ночной Охотник
НПК СКИФФ;Скифф
НПФ БИОФАРМТОКС (Р;НПФ Биофармтокс
НПФ ИССЛЕДОВАТЕЛЬС;НПФ Исследовательский центр
"ОАО ""ПОКРОВСКИЙ ЗА";"ОАО ""Покровский завод биопрепа"
ОЛИЯ;Олия
"ООО ""БЕЛЬБАСТ""";"ООО ""БельБаст"""
ООО БИОТЕХ;ООО Биотех
ООО ВЕТБИОХИМ;ООО Ветбиохим
ООО НПП БИОНОКС;ООО НПП Бионокс
ОРИДЖЕН;Orijen
ПАРТНЕР;Партнер
ПЕДИГРИ;Pedigree
ПЕПТЕК;Пептек
ПЕРСЕЙ;Персей
ПЕРФЕКТ ФИТ;Perfect Fit
ПЕС И К;Пес и К
ПЕТРИТ;Petreet
ПИ-ПИ-БЕНТ;Pi-Pi-Bent
ПОЛИДЕКС;Полидекс
ПРОНАТЮР;Pronature
ПРОПАК;Pro Pac
ПРОПЛАН;Pro Plan
ПУРИНА;Purina
ПУССИ КЕТ;Pussy-Cat
ПУШОК;Пушок
ПЧЕЛОДАР;Пчелодар
РЕД ДОГ;Ред Дог
РИНТИ;Ринти
РИО;Rio
РОЛЬФ КЛАБ;Гельминтал
РОСМАРКЕТ;Росмаркет
РОЯЛ КАНИН;Royal Canin
РЫБЯТА;Рыбята
РЭДПЛАСТИК;Рэдпластик
САНАЛ;Санал
СИВОКЭТ;Sivocat
СОБАКЕВИЧ;Собакевич
СОЛВЕР;Солвер
СОФЕКСМЕД;Софексмед
СТЕПКА;Степка
ТИТБИТ;TiTBiT
ТОШКА И КО;Тошка и Ко
ТРАПЕЗА;Трапеза
ТРЭЙНЕР;Trainer
ТУЗИК;Тузик
ФАРМАКС;Фармакс
ФАРМАСОФТ;Армавирская биофабрика
ФАРМБИОМЕД;Фармбиомед
ФЕЛИКС;Felix
ФЛЮК;Флюк
ФО МАЙ ДОГС;Фо Май Догс
ФОРВЕТ;Форвет
ФРЕШ СТЕП;Fresh Step
ФРИСКИС;Friskies
ХЕЛВЕТ;Хелвет
ХИЛЛС;Hills
ХРУМКА;Хрумка
ХЭППИ ДОГ;Хэппи дог
ХЭППИ КЕТ;Хэппи Кет
ЦАМАКС;Цамакс
ЦЕЗАРЬ;Cesar
ЧАППИ;Chappi
ЧИКА;Чика
ЧИСТОТЕЛ;Чистотел
ЧИСТЫЕ ЛАПКИ;Чистые Лапки
ЧОКО ДОГ;Choco Dog
ШЕБА;Sheba
ШЕЗИР;Schesir
ШМУСИ;Шмуси
ЭВЕРКЛИН;Ever Clean
ЭВИС;Эвис
ЭДЕЛЬ ДОГ;Эдель Дог
ЭДЕЛЬ КЭТ;Edel Cat
ЭКОСОФТ;Экософт
ЭНТЕРОЗОО;EnteroZOO
ЯПОНИЯ;Япония