hl;PetAge
00000001;Юниор
00000002;Эдалт
00000003;Сеньор
00000004;Все возраста
hl;PetBreed
20000001;Американский бульдог
20000002;Американский коккер
20000003;Английский бульдог
20000004;Английский коккер
20000005;Аргентинский дог
20000006;Афганская борзая
20000007;Бассенджи
20000008;Бассет-хаунд
20000009;Бедлингтон-терьер
20000010;Бернский Зенненхунд
20000011;Бигль
20000012;Бобтейл
20000013;Боксер
20000014;Бордосский дог
20000015;Бриар
20000016;Бульмастиф
20000017;Бультерьер
20000018;Вельш-корги
20000019;Вест-хайленд-уайт терьер
20000020;Восточноевропейская овчарка
20000021;Гриффон
20000022;Далматин
20000023;Доберман
20000024;Дог немецкий
20000025;Долматин
20000026;Ирландский терьер
20000027;Йорк
20000028;Кавказская овчарка
20000029;Кане-корсо
20000030;Керри-блю-терьер
20000031;Китайская хохлатая
20000032;Колли
20000033;Лабрадор
20000034;Левретка
20000035;Мальтийская болонка
20000036;Мексиканская голая
20000037;Миттельшнауцер
20000038;Мопс
20000039;Немецкая овчарка
20000040;Ньюфаундленд
20000041;Пекинес
20000042;Пинчер
20000043;Питбуль
20000044;Пойнтер
20000045;Пудель карликовый
20000046;Пудель малый
20000047;Пудель средний
20000048;Ризеншнауцер
20000049;Родезийский риджбек
20000050;Ротвейлер
20000051;Русская борзая
20000052;Русский спаниель
20000053;Самоедская лайка
20000054;Сенбернар
20000055;Сеттер
20000056;Скай-Терьер
20000057;Скотч-терьер
20000058;Среднеазиатская овчарка
20000059;Стаффорд
20000060;Стаффордширский бультерьер
20000061;Стаффордширский терьер
20000062;Такса большая
20000063;Такса карликовая
20000064;Такса кроличья
20000065;Такса средняя
20000066;Терьер Джека Рассела
20000067;Той-пудель
20000068;Той-терьер
20000069;Уиппет
20000070;Фокстерьер
20000071;Французский бульдог
20000072;Хаски
20000073;Цверг-пинчер
20000074;Цвергшнауцер
20000075;Чау-чау
20000076;Черный терьер
20000077;Чихуахуа
20000079;Шелти
20000080;Ши-тцу
20000081;Шпиц
20000082;Эрдельтерьер
20000083;Ягдтерьер
20000084;Японский хин
20000078;Шарпей
20000085;Бенгальская
20000086;Сибирская
20000087;Мейн Кун
20000088;Британская
20000089;Голден Ретривер
20000090;Персидская
20000091;Сиамская
20000092;Сфинкс
20000093;Джек Рассел Терьер
20000094;Датчхаунд
20000095;Бульдог
20000096;Такса
20000097;Шнауцер
hl;ProductCategory
00004001;DVD
00004002;Амуниция
00004003;Бижутерия / Аксессуары
00004005;Гнезда
00004006;Груминг
00004007;Домики / Лежаки
00004008;Игрушки
00004009;Клетки / Загоны / Двери
00004010;Книги / Журналы
00004011;Когтеточки / Дома-когтеточки /
00004013;Миски / Кормушки / Поилки
00004014;Одежда / Обувь
00004015;Сумки / Переноски
00004016;Туалеты
00029001;Косметика / Средства гигиены
00029002;Подгузники / пеленки / Штанишк
00029003;Средства коррекции поведения
00029004;Средства от запаха / пятен
00029005;Наполнители
50000001;Аквариум / Террариум/ Подставк
50000002;Средства для содержания аквари
50000005;Оборудование для аквариумов
50000042;Оборудование для террариумов
50000044;Корм / Подкормка
50000045;Трава
50000046;Корма для собак и кошек
50000047;Лакомства
50000048;Живой товар
50000049;Ветеринарная аптека
50000050;Препараты от блох
50000051;Средства д/содерж террариумов
50000052;Аквариумы/Тумбы
50000053;Террариумы/Тумбы
50000054;Корм для рыб/рептилий
50000055;Химия и лекарства
50000057;Декор и грунты для аквариумов
50000058;Декор и грунты для террариумов
hl;ClothingSize
00000001;XL
00000002;2XL
00000003;3XL
00000004;4XL
00000005;5XL
00000006;6XL
00000007;7XL
00000008;8XL
00000009;L
00000010;M
00000011;S
00000012;XS
00000013;Безразмерный
hl;Colour
00000001;Бежевый
00000002;Белый
00000003;Бирюзовый
00000004;Голубой
00000005;Желтый
00000006;Зеленый
00000007;Коричневый
00000008;Красный
00000009;Лиловый
00000010;Малиновый
00000011;Мятный
00000012;Оранжевый
00000013;Розовый
00000014;Синий
00000015;Фиолетовый
00000016;Черный
00000017;В цвете
00000018;Серый
00000019;Фуксия
00000020;Розовый/Серый
00000021;Серый/Светло-серый
00000022;Бежевый/Коричневый
00000023;Антрацит
00000024;Прозрачный
00000025;Шоколад
00000026;В ассортименте
00000027;Камуфляж
00000028;Оливковый
00000029;Серый/Коричневый
00000031;Терракотовый
00000032;Черный/Белый
00000033;Бордовый
00000034;Золотой
00000035;Лаймовый
00000036;Металл
00000037;Салатовый
00000038;Светло-зеленый
00000039;Серебряный
00000040;Сиреневый
00000041;Темно-зеленый
00000042;Бронзовый
00000043;Сафари
00000044;Бежевый/Голубой
00000045;Бежевый/Зеленый
00000046;Бежевый/Красный
00000047;Бежевый/Лиловый
00000048;Бежевый/Серый
00000049;Бежевый/Фиолетовый
00000050;Желтый/Зеленый
00000051;Коричневый/Белый
00000052;Коричневый/Зеленый
00000053;Черный/Серый
00000054;Черный/Розовый
00000055;Тигровый/Белый
00000056;Синий/Белый
00000057;Леопардовый
00000058;Леопардовый/Бежевый
00000059;Светло-серый
00000060;Светло-серый/Красный
00000061;Светло-серый/Темно-серый
00000062;Серый/Бирюзовый
00000063;Серый/Бордовый
00000064;Серый/Голубой
00000065;Серый/Антрацит
00000066;Серый/Оранжевый
00000067;Серый/Светло-серый/Бирюзовый
00000068;Джунгли
00000069;Коньячный
00000070;Натуральный
00000071;Неон
00000072;Радужный
00000073;Разноцветный
00000074;Фиалковый
00000075;Хром
00000076;Цветочный
00000077;Ягодный
00000078;Горчичный
00000079;Кирпичный
00000080;Кофейный
00000081;Рыжий
00000082;Хаки
00000083;Сине-Бежевый
00000084;Бежевый/Белый
00000085;Бежевый/Синий
00000086;Бежевай/Сиреневый
00000087;Коралловый
00000088;Антик
00000089;Голубой/Розовый
00000090;Желтый/Синий
00000091;Графитовый
00000092;Петроль
00000093;Черный/Неон
00000094;Лимонный
hl;Consistence
00000001;Сухой
00000002;Влажный
hl;IngridientFeatures
3000001;Беззерновой корм
3000002;Монопротеиновый
3000003;Свежее мясо
3000004;Холистик
hl;FeedSpec
00000001;Универсальный
00000002;Крупные породы (для кошек)
00000003;Высокий уровень активности
00000004;Склонность к лишнему весу
00000005;Чувствительное пищеварение
00000007;Антистресс
00000008;Для Насекомоядных
00000009;При Линьке
00000010;При заболеваннии суставов
00000011;Гипоаллергенный
00000012;Для выведения шерсти
00000014;В период реабилитации
00000015;Индор
00000016;Кастраты/Стерилизованные
00000017;Здоровье кожи
00000018;Здоровье шерсти
00000019;Лечение ЖКТ
00000020;Лечение заболеваний печени
00000021;Лечение заболеваний полости рт
00000022;Лечение заболеваний почек
00000023;Лечение и профилактика МКБ
00000024;Лечение МКБ
00000025;Лечение сахарного диабета
00000026;При заболеваниях сердца
00000027;Профилактика МКБ
00000028;Уход за полостью рта
00000029;Чувствительная кожа
00000030;Для длинношерстных
00000031;Малоподвижный образ жизни
00000032;Первый прикорм
00000033;Для привередливых
00000042;Лечение кожных заболеваний
00000043;Outdoor
00000050;Для здоровья шерсти и кожи
00000051;Заменитель молока
00000052;Лечание ожирения
00000053;Лечение сердечно-сосудистых за
00000058;Профилактика зубного камня
00000059;Профилактика кожных заболевани
00000068;Заболевание почек и печени
00000069;Яичный
00000070;Вегетарианский
00000071;Лечение щитовидной железы
hl;Flavour
00000001;Авокадо
00000002;Баранина
00000003;Ветчина
00000004;Водоросли
00000005;Говядина
00000006;Зайчатина
00000007;Злаки
00000008;Индейка
00000009;Инулин
00000010;Кабан
00000011;Косули
00000012;Креветки
00000013;Кролик
00000014;Курица
00000015;Ливер
00000016;Лосось
00000017;Молоко
00000018;Морковь
00000019;Телятина
00000020;Печень
00000021;Домашняя птица
00000022;Рис
00000023;Рыба
00000024;Салями
00000025;Свинина
00000026;Сливки
00000027;Солод
00000028;Сыр
00000029;Cыромятная кожа
00000030;Креветка
00000031;Утка
00000032;Шоколад
00000033;Ягненок
00000034;Банан
00000035;Брусника
00000036;Бычья кровь
00000037;Зелень
00000038;Клюква
00000039;Мята
00000040;Курага
00000041;Мясо
00000042;Просо
00000043;Сердце
00000044;Солодка
00000045;Травы
00000046;Треска
00000047;Хлорофилл
00000048;Шпинат
00000049;Яблоко
00000050;Картофель
00000051;Тыква
00000052;Форель
00000053;Кукуруза
00000054;Камбала
00000055;Сельдь
00000056;Мелисса
00000057;Щука
00000058;Груша
00000059;Судак
00000060;Яйцо
00000061;Овощи
00000062;Тунец
00000063;Океаническая рыба
00000064;Дичь
00000065;Ячмень
00000066;Овсянка
00000067;Паста
00000068;Оленина
00000069;Рубец
00000070;Язык
00000071;Голубика
00000072;Краб
00000073;Гречка
00000074;Спаржа
00000075;Конина
00000076;Субпродукты
00000077;Белая рыба
00000078;Овес
00000079;Криль
00000080;Амарант
00000081;Цуккини
00000082;Цыпленок
00000083;Моллюски
00000085;Лосятина
00000086;Скумбрия
00000087;Страус
00000088;Горох
00000089;Томат
00000090;Фасоль
00000091;Лобстер
00000092;Морская рыба
00000093;Женьшень
00000094;Чечевица
00000095;Мальки
00000096;Папайя
00000097;Ананас
00000098;Алоэ
00000099;Сурими
00000100;Окунь
00000101;Пшеница
00000102;Кокосовое масло
00000103;Тапиока
00000104;Крупы
00000105;Подсолнечное масло
00000106;Клетчатка
00000107;Минтай
00000108;Птица
00000109;Сардина
00000110;Апельсин
00000111;Лапша
00000112;Гидролизат белка пера птицы
00000113;Батат
hl;ForWho
12;Хорьки
11;Собаки
10;Рыбы
9;Рептилии
8;Растения (водоросли)
90000001;Птицы@Грызуны
7;Птицы
00000120;Прочее
5;Лошади
3@11;Кошки@Собаки
3;Кошки
2;Грызуны
hl;PetGender
60000001;Девочка
60000002;Мальчик
60000003;Унисекс
hl;PetType
00000001;Рыбы
00000002;Водное растение
00000003;Крыса
00000004;Птица
00000005;Экзотическое животное
00000006;Щенок
00000007;Хорек
00020021;Котенок
00020022;Морская свинка
00020023;Мышь
00020025;Рептилия
00020026;Хомяк
00020027;Шиншилла
00020028;Дегу
00020030;Кролик
00020031;Бурундук
00020032;Земноводное
00020033;Насекомое
00020034;Ракообразное
00020035;Моллюск
hl;PackageType
00000001;Пакет / Коробка
00000002;Блистер
00000003;Пауч
00000004;Ж/б (стекл/б)
00000005;Ламистер
00000006;Набор
00000008;Мешок
00000009;Пласт/б
00000010;Коробка
00000011;Банка
00000012;Тетрапак
00000013;Ведро
00000014;Пакет/Саше/Коробка
hl;Maker
00000001;Istituto Farmaceutico Candioli
00000002;DONGGUAN
00000003;Diafarm A/S
00000004;GUANGLIN
00000005;HUAMAO
00000006;CEVA SANTE ANIMALE
00000007;INTERVET GESMBH
00000008;Группа ЭКСПА (БельБаст)
00000009;ООО НПК СКиФФ
00000010;I.C.F.Industria Chimica Farm s
00000011;Nicovet
00000012;Интертекс
00000013;Pfizer
00000014;НВЦ Агроветзащита С-П.
00000015;НПО АПИ-САН
00000016;ЗАО Биопрогресс
00000017;ЗАО Фирма НПВиЗЦ Ветзвероцентр
00000018;ООО ГамаВетФарм
00000019;ООО ВК Зоопром
00000020;ЗАО Мосагроген
00000021;ООО НИКОФАРМ
00000022;ЗАО НПП Фармакс
00000023;8 in 1 Pet Produkts GmbH
00000025;Beaphar
00000026;ООО Веда
00000027;НИО Медитэр
00000028;Bioveta
00000029;Euracon Pharma GmbH
00000030;Janssen Animal Health
00000031;Vetoquinol S.A.
00000032;Virbac
00000033;ЗАО Топ-Вет
00000034;Hartz Mountain Corporation
00000035;ООО ЦАМАКС
00000036;Andover Healthcare Inc.,
00000037;KRUUSE
00000038;BD Discarit
00000039;Роял Канин
00000040;ООО Нестле Россия
00000041;Versele Laga
00000042;FURminator
00000043;Iv San Bernard
00000044;Probiotics International Ltd.
00000045;Тринити Фарма
00000046;ФГУП Армавирская биофабрика
00000047;ООО НПП Бионокс
00000048;ООО Биоспектр
00000049;ООО Биотех
00000050;ЗАО Микро-плюс
00000051;НИИ Пробиотиков
00000052;НПФ Исследовательский центр
00000053;ЗАО Партнер
00000054;ЗАО Пептек
00000055;SDC Swedencare AB
00000056;ООО Квант МКБ
00000057;ООО GIGI
00000058;ООО Лигфарм
00000059;Interchemie
00000060;ОАО Покровский завод биопрепар
00000061;НПО Нарвак
00000062;Merial
00000063;ООО Ветбиохим
00000064;ООО АЛЕКСАНН (Хелвет)
00000065;Степка
00000066;Bayer Animal Health GmbH
00000067;The Нimalaya Drug Company
00000068;Институт Ветеринарной Биологии
00000069;Contipro Pharma a.s.
00000070;ООО Фармбиомедсервис
00000071;Vetprom AD
00000072;Invesa
00000073;Nederma B.V.
00000074;Лапицкий
00000075;Лякина
00000076;ООО Антарес
00000077;Collar
00000078;Ferplast
00000079;BOBO
00000080;DOBAZ
00000081;Mr.SHOES
00000082;WAN TALK
00000083;PETS INN
00000084;WUXI
00000085;PETMAX
00000086;TETRA
00000087;JBL
00000088;JUWEL
00000089;Novartis Animal Health
00000090;Purina
00000091;Viyo International NV
00000092;Биотехнологическая фирма Компо
00000093;ЗАО НПБЦ Линия Альба
00000094;Trouw Nutrition Biofaktory s.r
00000095;Anivital
00000096;ООО Дельта
00000097;Gimborn GmbH
00000098;T.E.C. Pharmacephtic Inc.
00000099;ИП Гридин
00000100;LDCA
00000101;TRM
00000102;KRKA
00000103;INFORM NUTRITION LTD.
00000104;Grau
00000105;Bewital
00000106;МАРС
00000107;НПФ Биофармтокс
00000108;Schering-Plough Canada, Inc.
00000109;ORLING
00000110;MSDAnimal Health
00000111;Arden Grange Ireland
00000113;Пет Лайн
00000114;GIMPET
00000115;BRIT
00000116;Продконтрактинвест
00000117;Clorox
00000118;Гатчинской Комбикормовый завод
00000119;НФКЗ
00000120;INTERQUELL GmbH
00000121;Tiernahrung DEUERER GmbH
00000122;Bosch Tiernahrung GmbH
00000123;J. RETTENMAIER & SOHNE
00000124;Dr.Alders Teomahrung GmbH
00000125;Шоуганг Ксинченг Фуд Ко.,ЛТД
00000126;Фошан Феникс Пет Продуктс ЛТД
00000127;Lantmannen doggy AB
00000128;Saturn Petcare GmbH
00000129;Midwestern Pet Foods, Inc
00000130;ООО Альпинтех
00000131;Biomill SA
00000132;Yantai China Pet Foods
00000133;Landguth Heimtiernahrung Gmbh
00000134;La Normandise SA
00000135;IT PL Portogruaro Petcare NPP
00000136;Portogruaro Petcare/Udine Petc
00000137;Portogruaro Petcare/ Нестле Фр
00000138;Portogruaro Petcare/ Нестле Р
00000139;IT PL Udine Petcare NPP
00000140;Нестле Пурина ПетКер Дойчланд
00000141;Нестле Пурина ПетКер Франс САС
00000142;Нестле Франс САС/Нестле Россия
00000143;Нестле Россия/Нестле Венгрия
00000144;Iams Europe BV
00000145;Меню Фудс Лтд
00000146;WONDERFOOD S.P.A.
00000147;PROCTER & GAMBLE INTERNATIONAL
00000148;Bolton Alimentari S.p.A..
00000149;Paragon Products B.V.
00000150;A. Rupp OG Austria
00000151;Финнерн Гмбх
00000152;Pro Pet Austria Heimtiernahrun
00000153;Nova Foods
00000154;Dogman
00000155;ООО Экософт
00000156;Finnern Gmbh
00000157;Herbert Ospelt Anstalt
00000158;Йорики
00000159;ООО Зоомакс
00000160;ООО Четвероногий Гурман
00000161;PLB International
00000162;Agras Delic S.p.A.
00000163;Evanger's dog & cat  food co
00000164;Champion Petfoods
00000165;ROYAL CANIN
00000166;НПО Новые Технологии
00000167;ОзПэтПро
00000168;ООО Раритет
00000169;ООО Лидинг
00000170;Рамфуд
00000171;Старорусский мясной двор
00000172;ОАО Великоновгородский Мясной
00000173;ООО Аллер Петфуд
00000174;Long Feng
00000175;ООО Компания Орис
00000176;AQUAEL
00000177;JEBO
00000178;Бионикс
00000179;Leander International Pet Food
00000180;Mars Petcare Australia Pty Ltd
00000181;Mars Magyarorszag Kisallateled
00000182;Siam Tin Food Products Co., Lt
00000183;Mars GmbH
00000184;ООО МАРС, Ступино
00000185;Hills
00000186;Aqua Menu
00000187;PRO.D.AC. International S.r.l.
00000188;Natural Pet Food Ltd
00000189;Биодизайн
00000190;Moderna
00000191;Sera
00000192;Pet Brands
00000193;Contemporary Technologies Inc
00000194;Fioretta Rag. Gianni di Paolo
00000195;VetPlanet LLC
00000196;Аллер Петфуд
00000197;JR Farm
00000198;Kong
00000199;Little One
00000200;Аква Меню
00000201;Беларусь
00000202;Petstages
00000203;Mealfeel
00000204;Nobby
00000205;Penn-Plax
00000206;Twins
00000208;ТитБит
00000209;TRIXIE
00000210;Teddy Pets
00000211;Qingdao Trust Foodstaff Co., L
00000212;Зверье мое
00000213;Padovan
00000214;VITAKRAFT
00000215;ЗООМИР
00000216;ООО Эстейт
00000217;Tropiclean
00000218;Doskocil Manufacturing Company
00000219;Camon
00000220;TRIOL
00000221;Dog Moda
00000222;Fauna
00000223;Ковчег
00000224;Continentale Nutr
00000225;Sivomatic
00000226;Mars GmbH, Германия
00000227;ООО ТД  Аркада
00000228;Eastland
00000229;Wonpet
00000230;Fuyofon
00000231;Wahl
00000232;FLEXI
00000233;KITI
00000234;A`FEN
00000235;ВАКА
00000236;Чика
00000237;Karlie
00000238;HAGEN
00000239;Виталайн
00000240;RIO
00000241;Катрин
00000242;SANAL
00000243;DISNEY
00000244;Georplast
00000245;GiGwi
00000246;Interzoo
00000247;J.W.
00000248;Kredo
00000249;Midwest
00000250;MP Bergamo
00000251;Kaihian
00000252;Прайд
00000253;Rogz
00000254;Savic
00000255;ZOLUX
00000256;Бобровый дворик
00000257;Гамма
00000258;Дог Мода
00000259;Забава
00000260;Зоостиль
00000261;Зоофортуна
00000262;Ibiyaya
00000263;Санкт-Питербург, АкваПлюс
00000264;SuperDesign
00000265;Pet Hobby
00000266;Гридин
00000267;Cunipic
00000268;ИП Никишина Г.В.
00000269;Тугушева
00000270;Instinct
00000271;МедПол
00000272;Лео Тойс
00000273;ООО Авгуръ
00000274;Aqua Logo
00000275;Нева сервис
00000276;EHEIM
00000277;ReptiZoo
00000278;АВГУРЪ
00000279;Аква Гесса
00000280;HYDOR
00000281;ИП Тарасова Н.В.
00000282;Рольф Си Хаген Инк, HAGEN
00000283;Тузик
00000284;Иванко
00000285;API
00000286;Экопром
00000287;Jonker
00000288;LEJIA
00000289;Экософт
00000290;Персей
00000291;Foolee
00000292;L&R ГмбХ
00000293;Веньжоу Жинхенг Пет Продуктс К
00000294;JellyFish
00000295;ООО Аква Плюс
00000296;АQUATLANTIS
00000297;Stefanplast
00000298;Sitekmed
00000299;Hefei Wengi Industrial & Trade
00000300;Эдибл Энимал Тритс, Инк
00000301;HAPPY PUPPY
00000302;NTERQUELL GmbH
00000303;ООО Глинопереработка
00000304;DOGGER
00000305;Аркон
00000306;GRAMME-REVIT GmbH
00000307;Компания АТР
00000308;ZC
00000309;VAFOPRAGA
00000310;ЭВИС
00000311;ИП Редьква
00000312;ООО ГРИН ЛАЙФ
00000313;ООО Елецкий мясокомбинат
00000314;Huide ceramics
00000315;Зоолинк
00000316;Artero
00000317;Нано Пет Продактс ЛЛС
00000318;ООО Рубис
00000319;Nantong Jincheng Nirsing PadCo
00000320;Спектр
00000321;ООО ЖиЖи Пет Продакт
00000323;Анимонда ПетКеа ГМБХ
00000324;Elanco
00000325;ООО Санрайз
00000326;ООО Лабаз
00000327;ООО КРИОН
00000328;NATURE
00000329;Monge&C. SpA - Via Savigliano
00000330;Witte Molen
00000331;Крафтворк Ко Лтд
00000332;PRIME
00000333;ООО Хемилайн
00000334;Lucky Venus
00000335;Норбрук Лабораториес Лимитед
00000336;ИП Гудков
00000337;CLP
00000338;Вухан Натуре Аквариум,Лтд
00000339;NEW ARTS INTERNATIONAL CO.,LTD
00000340;BEIJING BEISHUTE MATERNITY &CH
00000341;U-PLAY CORPORATION
00000342;Weihai Jinzhao Sanitary Produc
00000343;ООО Фирма Каскад
00000344;Tianjin Ranova Petfood Co., Lt
00000345;Хрумка
00000346;Чикос Крафтворк Ко., Лтд
00000347;Силэнд холдингко
00000348;Сюнфа Гарден энд Аквариум Прод
00000349;Дельта Экспортс
00000350;Дунь Гуань Итан Индастриал энд
00000351;ООО НеваТропик
00000352;Чжуншань Чженьхуа Аквариум Акс
00000353;ООО Галакси
00000354;ХЕЛФ ТЕКСТИЛЬ
00000355;Jonker Petfood
00000356;ООО МАСТЕР
00000357;ЗооБалу
00000358;Бабкина Г.В
00000359;ООО Светоч
00000360;Kumar Engineering Works
00000361;ZHEJIANG EVER FAITH IMPORT AND
00000362;Scholtus Special Products B.V.
00000363;De Haan Petfood B.V.
00000364;UNITED PETFOOD PRODUCERS nv
00000365;Логипарк
00000366;Aidi Flashing Products
00000367;Hailea
00000368;Favorite Aquarium
00000369;CHUNTENG
00000370;Zhendeyizu
00000371;ООО АММА+
00000372;ООО МГСтехно
00000373;ООО Пет Люкс
00000374;ИП Гончарова
00000375;7 СОБАК
00000376;БИОВАКС
00000377;"ООО ""ТВИК"""
00000378;ZIBO DAGONGYUAN INDUSTRIAL&TRA
00000379;CareFresh
00000380;ИП Чебыкин Ю. А.
00000381;Briko
00000382;Чжуджи Кнайтинг Компани ЛТД
00000383;"ООО ""РАВ"""
00000384;Хианглонг Электрик Плант
00000385;"ООО ""Флоресан"""
00000386;"ООО ""Чунгву"""
00000387;ПУШОК
00000388;Кот Картонович
00000389;ООО ТД Агрофарм
00000390;Продибио
00000391;Шеньчжень Хеи Пресижн
00000392;Сеаскейп Хандикрафт Лтд
00000393;Doggy AB
00000394;"ООО ""Идеал"""
00000395;ООО НТЦ БиоИнвест
00000396;Kela Laboratoria N.V
00000397;RUBBER&PLASTIC CO.,LTD
00000398;Орион Корпорейшн
00000399;"ООО ""СПЕКТР"""
00000400;FOP
00000401;РЭДПЛАСТИК
00000402;№1
00000403;Вергас Софт
00000404;ООО Агроветснаб
00000405;ООО Центрвет
00000406;ЗАО Нита-Фарм
00000407;Mozer
00000408;ТК Адресник
00000409;Dibaq a.s.
00000410;FAT CAT
00000411;R2P
00000412;THAI CHI PET
00000413;ЗИВЕР
00000414;4 MY PETS
00000415;DEZZIE
00000416;MARCHIORO
00000417;UNITED PETS
00000418;ООО Провими Петфуд Рус
00000419;ITALSYSTEM S.a.s. di Alberto B
00000420;Transgroom N.V.
00000421;Градиент
00000422;SCHEGO
00000423;ООО АВИТА Групп
00000424;ERGOCOMFORT
00000412;THAI CHI PET
00000413;ЗИВЕР
00000414;4 MY PETS
00000415;DEZZIE
00000416;MARCHIORO
00000417;UNITED PETS
00000418;ООО Провими Петфуд Рус
00000419;ITALSYSTEM S.a.s. di Alberto B
00000420;Transgroom N.V.
00000421;Градиент
00000422;SCHEGO
00000423;ООО АВИТА Групп
00000424;ERGOCOMFORT
00000425;COACH
00000426;DAYTONA
00000427;CLUB
00000428;NIPPY
00000429;"ООО Типография ""Пи квадрат"""
00000430;Тзонг Янг Аквариум Ко Лтд
00000431;Рев Ритер ГМБХ
00000432;ООО Икор
00000433;IMAC
00000434;Osso Fashion
00000435;PETCUREAN Pet Nutrition
00000436;ЗАО ЗиО-Здоровье
00000437;The Hillman Group
00000438;ООО Национальная иссл. компани
00000439;Riversuny
00000440;Космос Корпорейшн
00000441;Вэйфанг Анджинг Аквакультур Ко
00000442;AQUAEL/АкваПлюс
00000443;NerfDog
00000444;Пеудар
00000445;ВИК
00000446;Petto
00000447;Absorption Corp
00000448;Ханчжоу Тяньюань Пет Продактс
00000449;Show Tech
00000450;ОООУнитекс
00000451;Zogoflex
00000452;ООО НЕОН
00000453;Хелломун Лтд
00000454;ООО СКИМК
00000455;ООО ОптСнаб
00000456;Zoolink
00000457;My Family
00000458;СеаскейпХандикрафт Лтд
00000459;Компания Деген Акватик Лайтинг
00000460;Шанхай иксяо пет продакт
00000461;"ООО ""ТЕХНО"""
00000462;LovePet
00000463;"Акционерная компания ""КОЧО"""
00000464;SF Medical Products GmbH
00000465;"ЗАО ""Агробиопром"""
00000466;"ООО ""ТНК СИЛМА"""
00000467;Bokai
00000468;Petsbelle
00000469;Action Pet Products Int.
00000470;Кир Групп
00000471;"ООО ""Грин Лайн Групп"""
00000472;Ювел Аквариум Гмбх и К
00000473;Монморанси
00000474;CBee(Europe) LTD
00000475;Петрик Пет Фуд (Тайвань)
hl;CategoryManager
00000004;Попова Ирина
00000008;Муктубаева Саодат
00000010;Михайлова Марина
00000006;Мухамедкулов Тимур
00000002;Жукова Ольга
00000001;Гусева Светлана
00000011;Николаева Мария
hl;Material
00000001;Кожа
00000002;---
00000003;Веревка
00000004;Винил
00000005;Дерево
00000006;Иск.мех
00000007;Картон
00000008;Керамика
00000009;Ковролин
00000010;Кож.зам
00000011;Латекс
00000012;Хлопок
00000013;Текстиль
00000014;Стекло
00000015;Сизаль
00000016;Резина
00000017;Плетеный
00000018;Пластик
00000019;Перо
00000020;Нейлон
00000021;Минерал
00000022;Металл
00000023;Лен
00000024;Иск.замша
00000025;Натур.мех
00000026;Велюр
00000027;Капрон
00000028;Стропа
00000029;Брезент
00000030;Биотан
00000031;Полимер
00000032;ПВХ
00000033;Бентонит
00000034;Глиняный
00000035;Кукурузный
00000036;Древесный
00000037;Минеральный
00000038;Минеральный(Кварцевый песок)
00000039;Силикагель
00000040;Цеолит
00000041;Силикон
00000042;Бумага
00000043;Кукуруза
00000044;Песок
00000045;Шерсть
00000046;Плюш
00000047;Комбинированный
00000048;Люффа
00000049;Мята кошачья
00000050;Натуральные материалы
00000051;Полиэтилен
00000052;Грунт
00000053;Пленка
00000054;Ракушка
00000055;Шелк
00000056;ЛДСП
00000057;Полиэстр
00000058;Микрофибра
00000059;Губка
00000060;ЭВА
00000061;Цинк
00000062;Бумажный
00000063;Кокос
00000064;Соевая Пульпа
00000065;Синтетический материал
00000066;Льняные гранулы
00000067;Флис
hl;PharmaGroup
90000001;Вакцины
90000002;Для лечения болезней печени.Ге
90000003;Для лечения болезней серд.-сос
90000004;Вывод шерсти
90000005;Глазные капли и лосьоны
90000006;Гомеопатия и фитопрепараты
90000007;Гормональные препараты
90000008;Д/лечения и проф.болезней опор
90000009;Для лечения болезней мочеполов
90000010;Для лошадей
90000011;Для применения в дерматологии
90000013;Кормовые добавки
90000015;Перевязочные материалы
90000016;Препараты от клещей и паразито
90000020;Противомикробные средства
90000021;Противопаразитарные препараты
90000024;Успокоительные средства
90000025;Ушные капли и лосьоны
90000026;Растворы и электролиты
90000027;Трава
90000029;Ветеринарный паспорт
90000031;НестероидПротивовоспалПрепарат
90000032;Биопрепараты
90000033;Витаминные и минеральные препа
90000034;Дез.средства
90000035;Энтеросорбирующее средство
90000036;Стоматологические препараты
hl;ProductForm
00000023;Шприц
00000004;Шампунь/Бальзам
00000019;Удалитель клещей
00000024;трава
00000005;Таблетки/Порошки
00000018;Сыворотка
00000006;Суспензия/Капли
00000002;Спрей/Пена
00000017;Салфетки
00000016;Раствор
00000015;Пудра
00000022;попона
00000014;Песок
00000020;Пеленка
00000013;Паста/Крем/Мазь
00000012;Паспорт
00000003;Ошейник
00000011;Кондиционер/Лосьон
00000001;Капли на холку
00000010;Интродьюсер
00000009;Губка
00000007;Гель
00000021;Воск
00000008;Бинт/Повязка
hl;Purpose
00000001;Корма/ Добавки Заменители моло
00000002;Корма/ Добавки Подкормка
00000003;Корма/ Добавки Чувств.Пищеваре
00000004;Корма/ Добавки МКБ
00000005;Сено
00000006;Корма/ Добавки для Зубов
00000007;Корма/ Добавки Фитнес
00000008;Корма/ Добавки Сушеные субпрод
00000010;Корма/ Добавки Снэки/ Дропсы
00000011;Корма/ Добавки Печенье
00000012;Корма/ Добавки Песок
00000013;Корма/ Добавки Гипоаллергенные
00000014;Корма/ Добавки Выведение шерст
00000015;Корма/ Добавки Лайт
00000016;Корма/ Добавки Низкая активнос
00000017;Корма/ Добавки для Стерилизова
00000018;Корма/ Добавки Камень
00000019;Корма/ Добавки Актив
00000020;Корма/ Добавки Витаминные
00000021;Корма/ Добавки для Кожи и шерс
00000022;Корма/ Добавки Минеральные
00000023;Корма/ Добавки Палочки
00000024;Корма/ Добавки Кости
00000025;Корма/ Добавки Колбаски
00000026;Корма/ Добавки для Домашних
00000027;Корма/ Добавки Кусочки
00000028;Корма/ Добавки Паштет
00000029;Аквариумы
00000030;Комплект Аквариум + Подст
00000031;Фильтры/ Комплектующие
00000032;Отсадник
00000033;Террариумы
00000034;Тумбы/ Подставки
00000035;Элементы декора
00000036;Фоны
00000037;Искусственные растения
00000038;Грунт (Субстрат)
00000039;Шланги
00000040;Тесты и реактивы для воды
00000041;Таймеры
00000042;Акв/ Скребки
00000043;Акв/ Сифоны
00000045;Сачки
00000046;Распылители
00000047;Акв/ Прокладки
00000048;Помпа
00000049;Акв/ Переходник
00000050;Пакеты д/переноски рыб
00000051;Акв/ Очистители
00000052;Отсадники
00000053;Обогреватели
00000054;Акв/ Нагреватели
00000055;Акв/ Лампы
00000057;Кормушки/ Поилки акв/тер
00000058;Компрессоры
00000059;Акв/ Коврик
00000060;Акв/ Клей
00000061;Акв/ Клапан
00000062;Герметики
00000063;Акв/ Аэратор
00000064;Средства ухода за растениями
00000065;Средства для подготовки воды
00000066;Средства от водорослей
00000067;Лекарственные препараты
00000068;Уход Шампуни от блох/ клещей
00000069;Уход за шерстью/ лапами
00000070;Уход за ушами
00000071;Уход за зубами
00000072;Уход за глазами
00000073;Уход Уборка экскрементов
00000074;Уход Ср-во от запаха течки
00000075;Уход Приучение к туалету
00000076;Уход Приучение к месту/ когтет
00000077;Уход Отучение от порчи вещей
00000078;Уход Штанишки
00000079;Уход Послеоперационные попоны
00000080;Уход Подгузники
00000081;Уход Пеленки/ Подстилки
00000082;Уход Набор д/ухода
00000083;Уход Воротник
00000084;Уход Ликвидаторы пятен/ запаха
00000085;Лежак
00000086;Гнездо
00000087;Груминг Щетки
00000088;Груминг Чехол для машинки
00000089;Груминг Фурминатор
00000090;Груминг Расчески
00000091;Груминг Пуходерки
00000092;Груминг Полотенце
00000093;Груминг Пилки
00000094;Груминг Ножницы
00000095;Груминг Ножи/Насадки
00000096;Груминг Насадки
00000097;Груминг Машинки для стрижки
00000098;Груминг Колтунорез
00000099;Груминг Когтерезы
00000100;Груминг Антицарапки
00000101;Игрушка Наполнение д/клеток
00000102;Шар Колесо
00000103;Игрушка
00000104;Дразнилка
00000105;Клетка
00000106;Загон
00000107;Дверь
00000108;Вольер
00000109;Бижутерия Украшения/ Аксессуар
00000110;Бижутерия Заколки/ Резинки
00000111;DVD
00000112;Книги
00000113;Когтеточка
00000114;Игровые площадки
00000115;Дома-когтеточки
00000116;Миски Стойки
00000117;Миски Поилки
00000118;Миски на подставках
00000119;Миски Одинарные
00000120;Миски Двойные
00000121;Миски Набор
00000122;Миски Кормушки
00000123;Миски Контейнера для корма/лак
00000124;Миски Коврики под миски
00000125;Миски Бутылочки
00000126;Миски Автопоилки
00000127;Купалка
00000128;Туалеты Совки
00000129;Туалеты со столбиком
00000130;Туалеты Пакеты/диспенсеры
00000131;Туалеты Лотки с сеткой
00000132;Туалеты Лотки с бортиком
00000133;Туалеты Лотки без сетки
00000134;Туалеты Домики
00000135;Сумка
00000136;Переноска
00000137;Амуниция Шлейки
00000138;Амуниция Цепи
00000139;Амуниция Сворки
00000140;Амуниция Свистки
00000141;Амуниция Рулетки
00000142;Амуниция Ринговки
00000143;Амуниция Поводки
00000144;Амуниция Ошейники
00000145;Амуниция Намордники
00000146;Амуниция Маячки
00000147;Амуниция Комплекты
00000148;Амуниция Кликеры
00000149;Амуниция Карабины
00000150;Амуниция Жетоны
00000151;Амуниция Адресники
00000158;Попона
00000159;Платье
00000162;Носки
00000166;Костюм
00000167;Комбинезон
00000168;Кепка/ Шапка
00000169;Корма повседневные
00000170;Корма диетические
00000171;Лакомства для выведения шерсти
00000172;Лакомства для поддер гигиенрта
00000173;Лакомства мясные/печенье
00000174;Лакомства сушеные натуральные
00000175;Наполнитель впитывающий
00000176;Наполнитель древесный
00000177;Наполнитель комкующийся
00000178;Наполнитель силикагелевый
00000179;Уход Тапки
00000180;Уход Трусы
00000181;Миски Автокормушки
00000182;Свитер/Толстовка
00000183;Куртка/Жилетка
00000184;Футболка/Майка
00000185;Дождевик
00000186;Ботинки
00000187;Туалеты Коврики
00000188;Туалеты Угловые
00000189;Туалеты Фильтры/картриджи
00000190;Когтеточка Доска
00000191;Гамак
00000192;Держатель д/лакомств
00000193;Дом
00000194;Дом деревянный
00000195;Дом натуральные мат-лы
00000196;Дом пластик
00000197;Дразнилка с чипом
00000198;Жердочка
00000199;Игрушка Заводная
00000200;Игрушка с чипом
00000201;Игрушка Трек
00000202;Игрушка Фигурка/ Винил
00000203;Игрушка Фигурка/ Латекс
00000204;Игрушка Эко
00000205;Игрушка Веревка
00000206;Игрушка Гантель
00000207;Игрушка Грейфер
00000208;Игрушка Кольцо
00000209;Игрушка Кость
00000210;Игрушка Мяч
00000211;Игрушка на пружинке
00000212;Игрушка натуральные материалы
00000213;Игрушка Палка
00000214;Игрушка Текстиль
00000215;Игрушка Указка
00000216;Игрушка Фрисби
00000217;Качели
00000218;Когтеточка Коврик
00000219;Когтеточка Столбик
00000220;Когтеточка гофро-картон
00000221;Колеса
00000222;Корм Дополнительный
00000223;Корм Основной
00000224;Кормушка
00000225;Кормушка для сена
00000226;Крепеж
00000227;Лакомство
00000228;Лакомство Бисквит
00000229;Лакомство Ветки, Корни, Колос
00000230;Лакомство Палочки
00000231;Лестница
00000232;Матрас
00000233;Мост
00000234;Наполнитель кукурузный
00000235;Наполнитель Опилки
00000236;Плед
00000237;Подкормка витаминно-минеральна
00000238;Подкормка минеральная
00000239;Подкормка Песок
00000240;Подставка
00000241;Подстилка
00000242;Поилка
00000243;Ремень
00000244;Сумка Для лакомств
00000245;Тоннель
00000246;Загородка
00000247;Крышки
00000248;Наполнитель Бумажный
00000249;Пандус/Ступени
00000250;Чип/Метка
00000251;Бижутерия Галстуки
00000252;Витамины
00000253;Парфюм
00000254;Туалеты без столбика
00000255;Светящаяся амуниция
00000256;Груминг Лапомойка
00000257;Груминг Скребницы
00000258;Груминг Сменные гребенки
00000259;Груминг Тримминги
00000260;Банки без крышки
00000261;Двери
00000262;Детские аквариумы
00000263;Комплекты
00000264;Рамки
00000265;Шары/Бокалы
00000266;Амуниция Таблички
00000267;Шуба
00000268;Витамины/Добавки/Подкормки
00000269;Ловушки для улиток
00000270;Системы подачи СО2
00000271;Внешние фильтры
00000272;Внутренние фильтры
00000273;Грунт террариумный
00000274;Домики/укрытие
00000275;Запчасти для оборудования
00000276;Инструменты для рептилий
00000277;Коврик для аквариума
00000278;Коврики/Термокабели/Камни
00000279;Лампы/Светильники
00000280;Наполнители для фильтров
00000281;Отражатели
00000282;Сифоны/Очистители грунта
00000283;Скребки/Очистители стекол
00000284;Стерилизаторы/лампы
00000285;Термометры/Гигрометры
00000286;Черепаший берег
00000287;Шланги/Соединители/Держатели
00000288;Грунт питательный
00000289;Грунты
00000290;Коряги и камни
00000291;Пески
00000292;Пластиковые растения
00000293;Ракушки
00000294;Украшения стеклянные
00000295;Шелковые растения
00000296;Корма замороженные
00000297;Подушка
00000298;Сумка фиксатор
00000299;Уход Пояс для кобелей
00000300;Груминг Пемза
00000301;Поддон
00000302;Дорожные миски
00000303;А/м ремень
00000304;Велоспрингер
00000305;Игрушка интерактивная
00000306;Дрессировка
00000307;Полотенце
00000308;Рюкзак
00000309;Игрушка Катапульта
00000310;Игрушк Развивающая
00000311;Комбинезон от блох
00000312;Для охлаждения
00000313;Прудовые
00000314;Влажные салфетки
00000315;Коврик охлаждающий
00000316;Бластер
00000318;Шампунь
00000319;Запчасти к туалету
00000320;Одежда Новогодняя
00000321;Бисквит
00000322;Бижутерия Бантики
00000323;Бижутерия Галстуки/Бабочки
00000324;Бижутерия Заколки
00000325;Бижутерия Подвески/Ожерелье
00000326;Бижутерия Резинки
00000327;Воск для лап
00000328;Гипоаллергенный
00000329;Для беcшерстных/лысых
00000330;Для длинношерстных
00000331;Для короткошерстных
00000332;Для светлошерстных
00000333;Для среднешерстных
00000334;Для темношерстных
00000335;Кондиционеры
00000336;Маски
00000337;Масло
00000338;От колтунов
00000339;От перхоти и зуда
00000340;Песок
00000341;Пудры
00000342;Спрей
00000343;Сухие шампуни без смывания
00000344;Шампуни
00000345;Шампуни лечебные
00000346;Шампуни от блох и клещей
00000347;Игрушка Мышь
00000348;Корм выходного дня
hl;Season
00000001;Зима
00000003;Лето
00000006;Осень/Весна
hl;Year
00000001;2013
00000002;2014
00000003;2015
00000004;2016
00000005;2017
00000006;2018
hl;PetSize
00000006;Средний и крупный
00000002;Средний
00000004;Мелкий и средний
00000001;Мелкий
00000003;Крупный
00000005;Все размеры
hl;TradeName
00000003;Роял канин
00000004;Хиллс
00000005;Еукануба
00000007;Хэппи дог
00000008;Доктор Клаудерс
00000009;Доктор Алдерс
00000010;ПроПак
00000011;ПроПлан
00000012;Лешат
00000013;Гурмэ
00000014;Бош
00000016;Биомилл
00000020;Джимпет
00000022;Петрит
00000023;Бозита
00000025;Трапеза
00000028;Пронатюр
00000029;Петибон
00000033;Вака
00000034;Катрин
00000035;Чика
00000036;Vitakraft
00000037;Виталайн
00000038;Зверье мое
00000039;Уют
00000041;Пи-Пи-Бент
00000042;Барсик
00000043;Зооник
00000044;Катсан
00000047;Кузя
00000048;Мурзик, Снежок
00000049;Пусси Кет
00000050;Фреш Степ
00000051;Чистые Лапки
00000052;ЭверКлин
00000053;Аква Меню
00000054;Bionics
00000055;Беафар
00000056;Tetra
00000057;Sera
00000058;Зоомир
00000059;AQUAEL
00000060;Беларусь
00000061;Аква Гесса
00000062;Jebo
00000065;Juwel
00000069;EHEIM
00000070;Dezzie
00000073;FOP
00000075;Горелова
00000076;Авангард
00000077;Солвер
00000078;8in1
00000080;Делипет
00000082;Авгуръ
00000084;Iv San Bernard
00000085;GiGwi
00000087;Беркли
00000088;Лаки Петс
00000089;Фо Май Догс
00000091;Pet Line
00000093;Тузик
00000094;ПО Центр
00000095;Пес и К
00000098;Лайф Дог
00000099;Дог Мода
00000101;JR Farm
00000102;Pfizer
00000103;Мнямс
00000105;Viyo
00000106;Биогрум
00000107;АВЗ
00000109;Апи-сан
00000111;KRKA
00000112;Novartis
00000117;CEVA
00000118;Bayer
00000119;Merial
00000122;Веда
00000124;Верный друг
00000129;Ред Дог
00000130;Каскад
00000132;Хелвет
00000133;Нарвак
00000134;Инвеса
00000135;Зоомастер
00000136;Биоцентр ЧИН
00000137;Никофарм
00000138;НПФ Исследовательский центр
00000139;ЗАО НПБЦ Линия Альба
00000140;Микро-плюс
00000141;ООО НПП Бионокс
00000142;НИО Медитэр
00000144;INTERZOO
00000147;Фармбиомед
00000151;Bioveta Чехия
00000152;ЗАО Топ-Вет
00000153;ООО Биотех
00000154;НПК СКиФФ
00000155;Ветзвероцентр
00000156;Thai Chi Pet
00000157;Мосагроген
00000158;ООО Группа ЭКСПА
00000159;Moderna
00000160;Анивитал
00000162;ORLING (Чехия)
00000163;Biofaktory
00000164;T.E.C. Pharmacephtic
00000165;TRM (Ирландия)
00000166;ДокторЗОО
00000167;ЗАО НПП Фармакс (Россия)
00000168;НПФ Биофармтокс (Россия)
00000170;Фитоэлита
00000172;Цамакс
00000173;Herba Vitae
00000174;Teddy Pets
00000175;Гамма
00000178;Дельта
00000179;Ассорти
00000181;Пелигрин
00000185;SHEGO
00000187;Доктор
00000189;N1
00000190;DOGMAN
00000192;Боня
00000194;TRIOL
00000197;ALL SYSTEMS
00000198;ZOLUX
00000203;Полидекс
00000206;Призер
00000207;Пурина
00000208;Дарлинг
00000209;Фрискис
00000210;Мон Шер
00000213;Наша Марка
00000214;Ночной Охотник
00000215;Экси
00000217;Милый котик
00000218;Fat Cat
00000221;Цап-цап-царап
00000224;Казакова Н В
00000225;Иванко
00000227;Росмаркет
00000228;New Name
00000233;Трэйнер
00000235;Антицарапки
00000236;Globalvet
00000237;J.W.
00000301;Башинком
00000321;Нева-Сервис
00000325;BD Discarit Испания
00000327;Camon
00000329;Disney
00000330;Espree
00000331;Exo Terra
00000333;Fauna
00000334;FOOLEE
00000335;GIGI
00000336;Hello Kitty
00000337;ICF Италия
00000338;Interchemie Нидерланды
00000339;Midwest
00000340;Janssen
00000341;Mr. Fresh
00000342;Nobby
00000343;LDCA Франция
00000344;Penn-Plax
00000345;Sanal
00000347;Vetoquinol
00000348;АВВА
00000349;Адресник
00000350;Аймс
00000351;Зоофортуна
00000353;Инстинкт
00000354;Aqua Logo
00000355;Ярра
00000356;Япония
00000358;Urine Off
00000359;Эдель Кэт
00000360;Эдель Дог
00000361;Шезир
00000362;Шеба
00000363;Чоко Дог
00000364;Чистотел
00000365;Чаппи
00000366;Цезарь
00000367;Хэппи Кет
00000368;Хартманн
00000369;Фронтлайн
00000370;Флюк
00000374;Феликс
00000378;Гурман
00000379;ГамаВетФарм
00000381;Деревенские лакомства
00000382;Витапро
00000384;Дог Профи
00000385;Вискас
00000386;Дог Чау
00000388;Вилли Хвост
00000389;Забава
00000393;Васька
00000394;Ванпи Кэт
00000395;АквариумПринт
00000396;Animology
00000397;Анимонда
00000400;Аркон
00000401;Армавирская биофабрика
00000402;Аста
00000403;Белькандо
00000405;Biogance
00000406;Биовакс
00000407;Биоспектр Россия
00000408;Бифф
00000409;Бобровый дворик
00000411;Ванпи Дог
00000412;Акана
00000413;Зивер
00000414;Aquatlantis
00000416;Зоостиль
00000417;Интервет Нидерланды
00000419;Макс
00000420;Melcos
00000421;Molinea
00000422;Леонардо
00000423;Моллстрит
00000424;МонАми
00000428;Ориджен
00000429;Оскар
00000430;Кэт Чау
00000431;Партнер
00000432;Компонент Россия
00000433;Педигри
00000436;Перфект Фит
00000437;PETMAX
00000438;Китекат
00000439;PRIDE
00000440;Килтикс
00000441;Prima
00000442;Квант МКБ
00000443;Probiotics International Ltd.
00000446;Рольф Клаб
00000447;Candioli Италия
00000448;РУПП
00000451;Йорики
00000452;Степка
00000453;Inform Nutrition Ltd
00000454;Тринити Фарма Россия
00000455;Тотал
00000457;4 My Pets
00000459;Санал
00000460;ТитБит
00000461;8в1
00000462;7 собак
00000463;BARRI
00000464;Beaphar
00000465;Bio-Groom
00000466;Butterdogwear
00000467;C.P.
00000469;Essential
00000470;Ferplast
00000471;FIORY
00000472;Flexi
00000473;Georplast
00000474;Hagen
00000475;Hartz
00000476;Hunter
00000477;HYDOR
00000478;Imac
00000479;Karlie
00000480;Luxsan
00000481;Mozer
00000482;MP Bergamo
00000483;Kong
00000485;Korall
00000486;Kredo
00000487;KRUUSE
00000488;Mr.Gee
00000491;Maki Kuber
00000492;Marchioro
00000493;Padovan
00000495;Petstages
00000496;Polidex
00000497;Puppy Angel
00000498;Rogz
00000499;Savic
00000501;TRIXIE
00000502;Tropiclean
00000503;Twins
00000504;United Pets
00000505;Versele Laga
00000506;Wahl
00000507;Ардэн Грэндж
00000508;Брит
00000509;Глина Галина
00000510;ДенталПет
00000511;ЗООVIP
00000512;Лайна
00000513;Олия
00000515;Перкато
00000516;Севен Систем
00050901;Экокорм
00050903;Me to you
00050906;Амма
00050907;ЛонгФенг
00050909;Дримис
00050910;ДелиБест
00050911;ЗооБалу
00050912;MF Start
00050913;Wellkiss
00050914;CitiKitty
00050920;Нутра Голд
00050921;Тейст Вайлд
00050922;Шмуси
00050923;Ринти
00050924;R2P
00050925;FABOTEX
00050926;Паппи ангел
00050928;СивоКэт
00050929;Cat's Best
00050930;СмартБонс
00050931;Furminator
00050932;Котмуар
00050933;РИО
00050934;Little One
00050935;Эванджерс
00050936;Аqua Menu
00050937;Andover
00050939;Гельминтал
00050940;Форесто
00050941;Collar
00050942;Рэдпластик
00050943;"ОАО ""Покровский завод биопрепа"
00050944;PETIT
00050945;MSD Animal Health
00050946;ООО Ветбиохим
00050947;Higeniq
00050950;SKU Ibiyaya
00050951;ReptiZoo
00050952;CLP
00050953;Пептек
00050954;Форт Додж Энимал Хелс
00050955;CHEWELL
00050956;Нimalaya
00050957;Cliny
00050958;Mealfeel
00050959;MY FAMILY
00050960;"ООО ""БельБаст"""
00050961;НИИ Пробиотиков
00050962;Virbac
00050963;API
00050964;JBL
00050965;Dogger
00050966;Nicovet
00050967;Зоопром
00050968;ГудМэн
00050969;Фармакс
00050970;Euracon Pharma GmbH
00050972;CONTIPRO C A.S.
00050973;Vetprom AD
00050974;Доброзверики
00050975;Ученый Кот
00050976;Лигфарм
00050977;Альпийские луга
00050978;Аквагрунт
00050979;ProDen
00050980;Inspector
00050981;МИАМОР
00050982;PRODAC
00050983;Биодизайн
00050984;VetExpert
00050985;Аллер Петфуд
00050986;UnoCat
00050987;KITI
00050988;SuperDesign
00050989;Pet Hobby
00050990;Cunipic
00050991;ДОМОСЕДЫ
00050992;ИП Тарасова Н.В.
00050993;Yummy
00050994;Мир Чудес
00050995;Clean Cat
00050996;Персей
00050997;Lilli Pet
00050998;Акваплюс
00050999;Stefanplast
00051000;Sitekmed
00051001;HAPPY PUPPY
00051002;SANPET
00051003;GRAMME-REVIT
00051004;ЭВИС
00051005;НАГРАДА
00051006;ARTERO
00051007;CIDEX
00051008;DOG GONE SMART
00052009;MAVA
00052010;Elanco
00052011;Witte Molen
00052012;PRIME
00052013;Purina One
00052014;JELLY-FISH
00052015;OUT!
00052016;OOPS!
00052017;Хрумка
00052018;Unitabs
00052019;MURMIX
00052020;RUNGO
00052021;Hailea
00052022;AquaFantasy
00052023;CareFresh
00052024;Briko
00052025;БАРБОСКИ
00052026;Зверюшки
00052027;Рыбята
00052028;КОГТЕДРАЛКА
00052029;Xilong
00052030;№ 1
00052031;ПУШОК
00052032;Кот Картонович
00052033;Агрофарм
00052034;Prodibio
00052035;БиоИнвест
00052036;Zoetis
00052037;Pet Potty
00052038;ICF
00052039;Invesa
00052040;Orion Pharma
00052041;Тошка и Ко
00052042;Собакевич
00052043;Нита-Фарм
00052044;GRANDIN
00052045;SHOW TECH
00052046;SCHEGO
00052047;Больфо
00052048;Адвокат
00052049;Адвантейдж
00052050;Адвантикс
00052051;Бродлайн
00052052;Фиприст
00052053;Вектра 3D
00052054;ERGOCOMFORT
00052055;COACH
00052056;DAYTONA
00052057;CLUB
00052058;NIPPY
00052059;АВИТА
00052060;Четыре Лапы
00052061;ISTA
00052062;OSSO
00052063;NOW
00052064;Барс
00052065;Бравекто
00052066;Прак-тик
00052067;Стронгхолд
00052068;Превентефф
00052069;Эффитикс
00052070;Форвет
00052071;AQUAEL/АкваПлюс
00052072;NerfDog
00052073;NanoClear
00052074;Elite
00052075;ВИК
00052076;AiryVest
00052077;ArtUniq
00052078;Zogoflex
00052079;V.I.Pet
00052080;ВЕТТОРГ
00052081;Zoolink
00052082;NEO LOO LIFE
00052083;Софексмед
00052084;Пчелодар
00052085;Энтерозоо
00052086;Crystal Line
00052087;Экософт
00052088;Монморанси
00052089;Pettric
00052090;1st CHOICE
00052091;GO!
00052092;Orozyme
hl;Volume
10000001;300мл
10000002;250мл
10000003;800мл
10000004;20мл
10000005;25мл
10000006;30мл
10000007;50мл
10000008;55мл
10000009;60мл
10000010;65мл
10000011;75мл
10000012;80мл
10000013;100мл
10000014;125мл
10000015;130мл
10000016;150мл
10000017;160мл
10000018;180мл
10000019;200мл
10000020;240мл
10000021;450мл
10000022;500мл
10000023;59мл
10000024;210мл
10000025;225мл
10000026;350мл
10000027;400мл
10000028;470мл
10000029;480мл
10000030;600мл
10000031;700мл
10000032;750мл
10000033;900мл
10000034;940мл
10000035;1500мл
10000036;1750мл
10000037;1800мл
10000038;1890мл
10000039;2000мл
10000040;2800мл
10000041;4000мл
10000042;4700мл
10000043;6000мл
10000044;8000мл
10000045;23000мл
10000046;46000мл
10000047;1л
10000048;1,8л
10000049;2л
10000050;3л
10000051;3,9л
10000052;4л
10000053;5л
10000054;5,5л
10000055;6,8л
10000056;7л
10000057;7,5л
10000058;9,6л
10000059;10л
10000060;12л
10000061;15л
10000062;18л
10000063;19л
10000064;20л
10000065;22л
10000066;25л
10000067;26л
10000068;27л
10000069;30л
10000070;35л
10000071;38л
10000072;40л
10000073;42л
10000074;45л
10000075;50л
10000076;53л
10000077;54л
10000078;55л
10000079;60л
10000080;62л
10000081;64л
10000082;65л
10000083;67л
10000084;69л
10000085;70л
10000086;72л
10000087;75л
10000088;80л
10000089;82л
10000090;83л
10000091;90л
10000092;95л
10000093;98л
10000094;99л
10000095;100л
10000096;110л
10000097;112л
10000098;115л
10000099;120л
10000100;125л
10000101;130л
10000102;135л
10000103;140л
10000104;142л
10000105;143л
10000106;145л
10000107;150л
10000108;160л
10000109;169л
10000110;170л
10000111;180л
10000112;186л
10000113;190л
10000114;193л
10000115;200л
10000116;208л
10000117;215л
10000118;230л
10000119;240л
10000120;250л
10000121;255л
10000122;260л
10000123;270л
10000124;289л
10000125;300л
10000126;350л
10000127;356л
10000128;375л
10000129;395л
10000130;400л
10000131;405л
10000132;540л
10000133;77л
10000134;1000мл
10000135;1,6л
10000136;33л
10000137;320л
10000138;4500мл
10000139;1400мл
10000140;850мл